VOG00252	20	19	Xu	sp|Q27YG8|YORF3_NORAV Uncharacterized ORF3 protein
VOG00252	20	19	Xu	sp|Q27YG8|YORF3_NORAV Uncharacterized ORF3 protein
VOG00256	260	198	Xs	sp|D6RRG7|ORF10_BPKPP Structural protein ORF10
VOG00256	260	198	Xs	sp|D6RRG7|ORF10_BPKPP Structural protein ORF10
VOG00274	118	70	Xu	sp|A4GZ95|ORF3_TTVG1 Uncharacterized ORF3 protein
VOG00274	118	70	Xu	sp|A4GZ95|ORF3_TTVG1 Uncharacterized ORF3 protein
VOG00308	22	11	Xu	REFSEQ ORF14
VOG00330	67	67	Xu	sp|P03766|Y290_LAMBD Uncharacterized nin region protein ORF290
VOG00536	13	10	Xu	sp|Q8QVL5|ORF3_TTVF1 Uncharacterized ORF3 protein
VOG00536	13	10	Xu	sp|Q8QVL5|ORF3_TTVF1 Uncharacterized ORF3 protein
VOG00658	46	45	Xu	sp|Q3V4V8|Y189_ATV Putative zinc finger protein ORF189
VOG00774	113	97	Xu	sp|O10332|Y079_NPVOP UPF0213 protein ORF82
VOG00863	11	8	Xs	sp|Q3V4R2|Y800_ATV Structural protein ORF800
VOG00962	50	50	Xu	sp|P21316|YR7B_ECOLX Protein ORFb in retron Ec67
VOG01043	11	11	Xu	sp|Q00143|VG39_ICHVA Uncharacterized protein ORF39
VOG01052	27	13	Xu	sp|Q64746|YO13_ADEG1 Uncharacterized protein ORF13
VOG01099	24	24	Xu	sp|Q04769|YG35_BPLLH Uncharacterized protein ORF5
VOG01127	33	33	Xu	sp|Q04768|YG34_BPLLH Uncharacterized protein ORF4
VOG01159	6	6	XhXpXs	sp|F5HDE4|ORF45_HHV8P Protein ORF45
VOG01159	6	6	XhXpXs	sp|F5HDE4|ORF45_HHV8P Protein ORF45
VOG01183	54	54	Xu	sp|I7H0H9|ORF14_BPKHP Major structural protein ORF14
VOG01183	54	54	Xu	sp|I7H0H9|ORF14_BPKHP Major structural protein ORF14
VOG01527	26	26	Xu	sp|P21315|YR7A_ECOLX Protein ORFa in retron Ec67
VOG01755	6	6	Xu	sp|Q00110|VG70_ICHVA Uncharacterized protein ORF70
VOG01954	8	6	Xu	sp|Q573G3|Y062_AFV2P Uncharacterized protein ORF62
VOG02122	11	3	Xu	REFSEQ membrane protein ORF25
VOG02206	131	130	Xu	sp|P21290|ADPP_NPVAC Protein ADP-ribose pyrophosphatase ORF38
VOG02344	59	59	Xu	sp|P41667|AC114_NPVAC Protein ORF114
VOG02352	11	11	Xu	sp|Q573F0|Y066_AFV2P Putative transmembrane protein ORF66
VOG02432	10	10	Xu	sp|Q9QU29|ORF3_TTVB1 Uncharacterized ORF3 protein
VOG02432	10	10	Xu	sp|Q9QU29|ORF3_TTVB1 Uncharacterized ORF3 protein
VOG02489	8	7	XpXs	sp|Q6TVP7|V073_ORFSA Protein ORFV073
VOG02489	8	7	XpXs	sp|Q6TVP7|V073_ORFSA Protein ORFV073
VOG02513	4	4	Xu	REFSEQ ORF119
VOG02566	12	12	Xu	sp|C1JJY5|ORF6_HAPV1 Uncharacterized protein 6
VOG02657	7	7	Xu	REFSEQ ORF0
VOG02801	28	28	Xu	REFSEQ ORF163
VOG02834	6	6	Xu	sp|Q00128|VG68_ICHVA Uncharacterized protein ORF68
VOG02847	7	7	Xu	sp|Q00159|VG63_ICHVA Uncharacterized protein ORF63
VOG02859	7	7	Xu	REFSEQ protein ORF70
VOG02906	4	4	Xu	REFSEQ ORF4
VOG03287	9	6	Xu	sp|Q573C6|Y286A_AFV2P Uncharacterized protein ORF286a
VOG03288	4	4	Xu	sp|Q573C7|Y289_AFV2P Putative transmembrane protein ORF289
VOG03324	7	7	Xu	sp|Q3V4Q9|Y277_ATV Uncharacterized protein ORF277
VOG03326	8	8	Xu	sp|Q3V4R8|Y193_ATV Uncharacterized protein ORF193
VOG03750	22	21	Xu	REFSEQ ORF1+2p
VOG03795	6	3	Xu	sp|A4ZUA9|Y061A_ABVP Uncharacterized protein ORF61a
VOG03797	3	3	Xu	REFSEQ ORF57
VOG03991	3	3	Xu	REFSEQ ORF29
VOG04003	7	3	Xh	sp|P15443|KR14_ICHVA Protein kinase ORF14
VOG04044	3	3	Xu	REFSEQ ORF26
VOG04055	79	79	Xu	sp|P21318|YR7D_ECOLX Protein ORFd in retron Ec67
VOG04170	3	3	Xu	sp|A4ZUA7|Y053B_ABVP Uncharacterized protein ORF53b
VOG04196	6	6	Xu	REFSEQ ORF3
VOG04204	3	3	Xu	sp|A4ZUC6|Y054_ABVP Uncharacterized protein ORF54
VOG04209	3	3	Xu	sp|A4ZUB2|Y170_ABVP Uncharacterized protein ORF170
VOG04390	27	27	Xp	sp|Q2HR83|ORF49_HHV8P Protein ORF49
VOG04390	27	27	Xp	sp|Q2HR83|ORF49_HHV8P Protein ORF49
VOG04422	7	6	Xu	REFSEQ ORF11
VOG04442	7	7	Xu	REFSEQ ORF4
VOG04447	8	8	Xu	sp|Q3V4U3|Y529_ATV Uncharacterized protein ORF529
VOG04449	30	30	XpXs	sp|Q2HR80|ORF52_HHV8P Tegument protein ORF52
VOG04449	30	30	XpXs	sp|Q2HR80|ORF52_HHV8P Tegument protein ORF52
VOG04458	4	4	Xu	REFSEQ 61k AcORF9
VOG04475	6	3	Xu	sp|A4ZUB3|Y092_ABVP Putative transmembrane protein ORF92
VOG04479	3	3	Xu	REFSEQ protein ORF62
VOG04517	11	11	Xu	sp|Q00158|VG54_ICHVA Uncharacterized protein ORF54
VOG04594	6	3	Xu	REFSEQ protein ORF5
VOG04625	5	3	Xu	REFSEQ protein ORF3
VOG04648	53	34	Xs	sp|Q9QR70|ORF75_HHV8P Protein ORF75
VOG04648	53	34	Xs	sp|Q9QR70|ORF75_HHV8P Protein ORF75
VOG04671	5	5	Xu	REFSEQ protein ORF57
VOG04685	4	2	Xu	REFSEQ ORF078R
VOG04704	11	11	Xu	sp|Q00099|VG56_ICHVA Uncharacterized protein ORF56
VOG04758	9	7	Xu	sp|P20743|YO17_ADEG1 Uncharacterized protein ORF17
VOG04813	5	3	Xu	sp|Q6R7H1|Y054_OSHVF Uncharacterized protein ORF54
VOG04881	4	4	Xu	REFSEQ membrane protein ORF81
VOG04939	5	5	Xu	REFSEQ ORF1B
VOG04966	3	3	Xu	REFSEQ protein ORF97
VOG05001	3	3	Xu	REFSEQ ORF 33
VOG05002	6	6	Xu	sp|A4KXB2|Y057_HVAVE Uncharacterized protein ORF57
VOG05016	7	7	Xu	sp|P03766|Y290_LAMBD Uncharacterized nin region protein ORF290
VOG05027	11	11	XrXs	sp|Q67684|ORF3_GRVMC Long-distance movement protein
VOG05033	3	3	Xu	REFSEQ ORF119 hypothetical protein
VOG05071	4	3	Xu	sp|P0C674|ORF23_TTVV2 Probable protein VP2
VOG05081	27	27	XhXr	sp|P03238|E4RF5_ADE02 Early 4 ORF6/7 control protein
VOG05099	3	3	Xu	sp|A4ZUD2|Y470_ABVP Uncharacterized protein ORF470
VOG05100	11	11	Xu	sp|C1JJY6|ORF7_HAPV1 Uncharacterized protein 7
VOG05154	12	11	Xu	sp|Q00131|VG28_ICHVA Uncharacterized protein ORF28
VOG05218	4	4	Xu	REFSEQ ORF61
VOG05246	8	8	Xu	REFSEQ ORF20A
VOG05269	27	27	Xu	sp|P0DJX0|E4RF2_ADE02 Early 4 ORF2 protein
VOG05274	7	7	Xu	sp|Q00161|VG43_ICHVA Uncharacterized protein ORF43
VOG05319	3	3	Xu	sp|A4ZU95|Y053A_ABVP Uncharacterized protein ORF53a
VOG05323	7	7	Xs	sp|P18455|IORF_CVMS Protein I
VOG05384	4	2	Xu	sp|A4ZU88|Y110_ABVP Uncharacterized protein ORF110
VOG05389	11	11	Xu	sp|Q00125|VG60_ICHVA Uncharacterized protein ORF60
VOG05390	10	10	Xr	sp|Q3V4T7|Y241_ATV Putative integrase ORF241
VOG05481	6	3	Xu	REFSEQ protein ORF8
VOG05916	65	65	Xu	sp|P18243|Y43_BPR18 Uncharacterized protein ORF43.1 in regA 3'region
VOG06773	8	8	Xu	sp|Q3V4V3|Y220_ATV Uncharacterized protein ORF220
VOG06775	7	7	Xs	sp|Q3V4Q1|Y618_ATV Structural protein ORF618
VOG06777	6	6	Xu	sp|Q3V4Q4|Y892_ATV Putative VWFA domain-containing protein ORF892
VOG06903	6	6	Xu	sp|Q573F7|Y121_AFV2P Uncharacterized protein ORF121
VOG06951	4	4	Xu	sp|Q3V4Q0|Y326B_ATV Uncharacterized protein ORF326b
VOG06968	3	3	Xs	sp|Q3V4Q6|Y104B_ATV Structural protein ORF104b
VOG06996	6	6	Xu	sp|Q573G2|Y085_AFV2P Uncharacterized protein ORF85
VOG07056	4	3	Xu	REFSEQ ORF15
VOG07389	6	6	Xu	REFSEQ ORF080 virion core protein
VOG08130	55	55	Xu	sp|F5HFD2|ORF24_HHV8P Protein ORF24
VOG08130	55	55	Xu	sp|F5HFD2|ORF24_HHV8P Protein ORF24
VOG08222	5	4	Xu	REFSEQ protein LORF2
VOG08225	3	3	Xu	sp|Q00123|VG24_ICHVA Uncharacterized protein ORF24
VOG08226	11	11	Xu	sp|Q00113|VG27_ICHVA Uncharacterized protein ORF27
VOG08227	3	3	Xu	sp|Q00152|VG30_ICHVA Uncharacterized protein ORF30
VOG08228	3	3	Xu	sp|Q00118|VG33_ICHVA Uncharacterized protein ORF33
VOG08229	7	7	Xu	sp|Q00155|VG34_ICHVA Uncharacterized protein ORF34
VOG08230	3	3	Xu	sp|Q00146|VG36_ICHVA Uncharacterized protein ORF36
VOG08231	11	11	Xu	sp|Q00160|VG37_ICHVA Uncharacterized protein ORF37
VOG08232	3	3	Xu	sp|Q00109|VG35_ICHVA Uncharacterized protein ORF35
VOG08233	3	3	Xu	sp|Q00151|VG29_ICHVA Uncharacterized protein ORF29
VOG08234	3	3	Xu	sp|Q00117|VG41_ICHVA Uncharacterized protein ORF41
VOG08235	3	3	Xu	sp|Q00144|VG38_ICHVA Uncharacterized protein ORF38
VOG08236	7	7	Xu	sp|Q00124|VG44_ICHVA Uncharacterized protein ORF44
VOG08237	3	3	Xu	sp|Q00121|VG52_ICHVA Uncharacterized protein ORF52
VOG08238	3	3	Xu	sp|Q00119|VG53_ICHVA Uncharacterized protein ORF53
VOG08239	3	3	Xu	sp|Q00153|VG55_ICHVA Uncharacterized protein ORF55
VOG08240	3	3	Xu	sp|Q00122|VG61_ICHVA Uncharacterized protein ORF61
VOG08241	11	11	Xu	sp|Q00156|VG64_ICHVA Uncharacterized protein ORF64
VOG08243	3	3	Xu	sp|Q00107|VG67_ICHVA Uncharacterized protein ORF67
VOG08244	3	3	Xu	sp|Q00154|VG66_ICHVA Uncharacterized protein ORF66
VOG08245	6	6	Xu	sp|Q00167|VG78_ICHVA Putative zinc-binding protein ORF78
VOG08248	3	3	Xu	sp|Q00138|VG59_ICHVA Putative membrane protein ORF59
VOG08279	5	4	Xu	REFSEQ protein LORF3
VOG08283	11	11	Xu	sp|Q04583|ORF4_SHVX Uncharacterized ORF4 protein
VOG08283	11	11	Xu	sp|Q04583|ORF4_SHVX Uncharacterized ORF4 protein
VOG08287	3	3	Xu	REFSEQ ORF39
VOG08685	6	6	Xu	REFSEQ E4 ORFD
VOG08687	6	6	Xu	REFSEQ E4 ORFB
VOG08688	6	6	Xu	REFSEQ E4 ORFA
VOG09006	4	4	Xu	sp|I7H893|ORF13_BPKHP Coiled-coil domain-containing protein ORF13
VOG09006	4	4	Xu	sp|I7H893|ORF13_BPKHP Coiled-coil domain-containing protein ORF13
VOG09011	4	4	Xu	sp|I7H0I4|ORF29_BPKHP Coiled-coil domain-containing protein ORF29
VOG09011	4	4	Xu	sp|I7H0I4|ORF29_BPKHP Coiled-coil domain-containing protein ORF29
VOG09030	3	3	Xu	sp|P03773|Y64_LAMBD Putative uncharacterized protein ORF64
VOG09585	4	4	Xu	sp|P15893|ORF2_SPV1R Uncharacterized protein ORF2
VOG09585	4	4	Xu	sp|P15893|ORF2_SPV1R Uncharacterized protein ORF2
VOG09586	3	3	Xs	sp|P15900|CAPSD_SPV1R Putative capsid protein ORF9
VOG09587	3	3	Xu	sp|Q88416|ORF5_SPV1C Uncharacterized protein ORF5
VOG09587	3	3	Xu	sp|Q88416|ORF5_SPV1C Uncharacterized protein ORF5
VOG09588	3	3	Xu	sp|P15892|ORF1_SPV1R Uncharacterized protein ORF1
VOG09588	3	3	Xu	sp|P15892|ORF1_SPV1R Uncharacterized protein ORF1
VOG09589	3	3	Xu	sp|P15895|ORF4_SPV1R Uncharacterized protein ORF4
VOG09589	3	3	Xu	sp|P15895|ORF4_SPV1R Uncharacterized protein ORF4
VOG09590	3	3	Xu	sp|Q88425|ORF11_SPV1C Uncharacterized protein ORF11
VOG09590	3	3	Xu	sp|Q88425|ORF11_SPV1C Uncharacterized protein ORF11
VOG09591	3	3	Xu	sp|P15898|ORF7_SPV1R Uncharacterized protein ORF7
VOG09591	3	3	Xu	sp|P15898|ORF7_SPV1R Uncharacterized protein ORF7
VOG09592	4	4	Xu	sp|P15901|ORF10_SPV1R Uncharacterized protein ORF10
VOG09592	4	4	Xu	sp|P15901|ORF10_SPV1R Uncharacterized protein ORF10
VOG10721	4	4	Xu	sp|A4KX72|Y017_HVAVE Uncharacterized protein ORF17
VOG10724	4	4	Xu	sp|A4KX73|Y018_HVAVE Uncharacterized protein ORF18
VOG10732	5	5	Xu	sp|A4KXB3|Y058_HVAVE Uncharacterized protein ORF58
VOG11450	3	3	Xu	sp|C1JJY0|ORF1_HAPV1 Uncharacterized protein 1
VOG11451	5	5	Xu	sp|C1JJY1|ORF2_HAPV1 Uncharacterized protein 2
VOG11456	4	4	Xu	REFSEQ ORF12
VOG11457	8	8	Xu	REFSEQ ORF9
VOG11458	4	4	Xu	REFSEQ ORF13
VOG11817	3	3	Xu	REFSEQ ORF022
VOG12111	12	12	Xu	sp|Q64763|YO22_ADEG1 Uncharacterized protein ORF22
VOG13152	15	15	Xu	sp|O31908|YORF_BACSU SPbeta prophage-derived uncharacterized protein YorF
VOG13580	5	5	Xu	sp|A4KXB4|Y059_HVAVE Uncharacterized protein ORF59
VOG13620	3	3	Xu	REFSEQ ORF1
VOG14210	3	3	Xu	REFSEQ E3 ORFA
VOG14278	6	6	Xu	sp|P41450|ORF45_NPVAC Protein ORF45
VOG14278	6	6	Xu	sp|P41450|ORF45_NPVAC Protein ORF45
VOG15796	4	4	Xu	sp|P20746|YO9_ADEG1 Uncharacterized protein ORF9
VOG16038	3	3	Xu	REFSEQ ORF III
VOG16039	3	3	Xu	REFSEQ ORF IV
VOG16494	3	3	Xu	sp|Q18LF0|ORFD_ELHVK Protein ORF D
VOG16494	3	3	Xu	sp|Q18LF0|ORFD_ELHVK Protein ORF D
VOG16496	3	3	Xu	sp|Q18LF4|ORFB_ELHVK Protein ORF B
VOG16496	3	3	Xu	sp|Q18LF4|ORFB_ELHVK Protein ORF B
VOG16504	3	3	Xu	sp|Q91EK2|ORFC2_GOCV Uncharacterized protein ORFC2
VOG16504	3	3	Xu	sp|Q91EK2|ORFC2_GOCV Uncharacterized protein ORFC2
VOG16858	3	3	Xu	sp|Q27YH0|YORF1_NORAV Uncharacterized ORF1 protein
VOG16858	3	3	Xu	sp|Q27YH0|YORF1_NORAV Uncharacterized ORF1 protein
VOG16859	5	5	Xs	sp|Q27YG7|CAPS4_NORAV ORF4 polyprotein
VOG16860	4	4	Xu	REFSEQ protein ORF42
VOG16861	4	4	Xu	REFSEQ protein ORF96
VOG16862	4	4	Xu	REFSEQ protein ORF88
VOG16863	4	4	Xu	REFSEQ membrane protein ORF82
VOG16864	4	4	Xu	REFSEQ protein ORF76
VOG16865	4	4	Xu	REFSEQ protein ORF75
VOG16866	4	4	Xu	REFSEQ protein ORF87
VOG16867	4	4	Xu	REFSEQ protein ORF60
VOG16868	4	4	Xu	REFSEQ membrane protein ORF83
VOG16870	4	4	Xu	REFSEQ protein ORF102
VOG16871	4	4	Xu	REFSEQ protein ORF91
VOG16872	4	4	Xu	REFSEQ protein ORF127
VOG16876	4	4	Xu	REFSEQ protein ORF93
VOG17783	5	5	Xu	REFSEQ E3 ORFA
VOG17829	9	9	Xu	sp|P62534|YR7C_ECOLX Protein ORFc in retron Ec67
VOG18203	3	3	Xu	REFSEQ membrane protein ORF139
VOG18308	3	3	Xu	sp|A4ZU93|Y163_ABVP Uncharacterized protein ORF163
VOG18309	3	3	Xu	sp|A4ZU98|Y105_ABVP Uncharacterized protein ORF105
VOG18310	3	3	Xu	sp|A4ZUA0|Y076_ABVP Uncharacterized protein ORF76
VOG18311	3	3	Xu	sp|A4ZUA1|Y150B_ABVP Uncharacterized protein ORF150b
VOG18312	3	3	Xu	sp|A4ZUA3|Y107B_ABVP Uncharacterized protein ORF107b
VOG18313	3	3	Xu	sp|A4ZUA4|Y099A_ABVP Uncharacterized protein ORF99a
VOG18314	3	3	Xu	sp|A4ZUB0|Y257_ABVP Uncharacterized protein ORF257
VOG18315	4	3	Xu	sp|A4ZUB5|Y103_ABVP Uncharacterized protein ORF103
VOG18316	3	3	Xu	sp|A4ZUC0|Y072_ABVP Putative transmembrane protein ORF72
VOG18317	3	3	Xu	sp|A4ZUB8|Y086_ABVP Uncharacterized protein ORF86
VOG18318	3	3	Xu	sp|A4ZUC1|Y167_ABVP Uncharacterized protein ORF167
VOG18319	3	3	Xu	sp|A4ZUC2|Y174_ABVP Uncharacterized protein ORF174
VOG18320	3	3	Xu	sp|A4ZUC3|Y085_ABVP Putative transmembrane protein ORF85
VOG18321	3	3	Xu	sp|A4ZUC4|Y091A_ABVP Putative transmembrane protein ORF91a
VOG18322	3	3	Xu	sp|A4ZUC7|Y037_ABVP Uncharacterized protein ORF37
VOG18323	3	3	Xu	sp|A4ZUC8|Y048A_ABVP Uncharacterized protein ORF48a
VOG18324	3	3	Xu	sp|A4ZUC9|Y112_ABVP Putative transmembrane protein ORF112
VOG18325	3	3	Xu	sp|A4ZUD0|Y166_ABVP Putative transmembrane protein ORF166
VOG18326	3	3	Xu	sp|A4ZUD1|Y346_ABVP Putative transmembrane protein ORF346
VOG18328	3	3	Xu	sp|A4ZUD4|Y088_ABVP Uncharacterized protein ORF88
VOG18677	12	3	Xu	REFSEQ protein ORF2
VOG18679	3	3	Xu	REFSEQ protein ORF10
VOG18680	6	3	Xu	REFSEQ protein ORF22
VOG18681	3	3	Xu	REFSEQ protein ORF21
VOG18682	6	3	Xu	REFSEQ protein ORF6
VOG18683	3	3	Xu	REFSEQ protein ORF31
VOG18684	3	3	Xu	REFSEQ protein ORF18
VOG18685	3	3	Xu	REFSEQ protein ORF28
VOG18686	3	3	Xu	REFSEQ protein ORF32
VOG18687	3	3	Xu	REFSEQ protein ORF35
VOG18688	3	3	Xu	REFSEQ protein ORF36
VOG18689	3	3	Xu	REFSEQ protein ORF43
VOG18690	7	3	Xu	REFSEQ protein ORF144
VOG18691	3	3	Xu	REFSEQ protein ORF50
VOG18692	3	3	Xu	REFSEQ protein ORF48
VOG18693	3	3	Xu	REFSEQ protein ORF49
VOG18694	3	3	Xu	REFSEQ protein ORF51
VOG18695	3	3	Xu	REFSEQ protein ORF45
VOG18696	3	3	Xu	REFSEQ protein ORF54
VOG18697	3	3	Xu	REFSEQ protein ORF56
VOG18698	3	3	Xu	REFSEQ protein ORF59
VOG18699	3	3	Xu	REFSEQ protein ORF67
VOG18700	3	3	Xu	REFSEQ protein ORF69
VOG18701	3	3	Xu	REFSEQ protein ORF53
VOG18702	3	3	Xu	REFSEQ protein ORF73
VOG18703	3	3	Xu	REFSEQ protein ORF74
VOG18704	3	3	Xu	REFSEQ protein ORF77
VOG18705	3	3	Xu	REFSEQ protein ORF84
VOG18706	3	3	Xu	REFSEQ protein ORF85
VOG18707	3	3	Xu	REFSEQ protein ORF86
VOG18708	3	3	Xu	REFSEQ protein ORF89
VOG18709	3	3	Xu	REFSEQ protein ORF95
VOG18710	3	3	Xu	REFSEQ protein ORF103
VOG18711	3	3	Xu	REFSEQ protein ORF111
VOG18712	3	3	Xu	REFSEQ protein ORF109
VOG18713	3	3	Xu	REFSEQ membrane protein ORF114
VOG18714	3	3	Xu	REFSEQ membrane protein ORF115
VOG18715	3	3	Xu	REFSEQ membrane protein ORF124
VOG18716	3	3	Xu	REFSEQ protein ORF100
VOG18717	3	3	Xu	REFSEQ protein ORF121
VOG18718	3	3	Xu	REFSEQ protein ORF120
VOG18719	3	3	Xu	REFSEQ protein ORF128
VOG18720	3	3	Xu	REFSEQ protein ORF145
VOG18721	3	3	Xu	REFSEQ protein ORF147
VOG18722	3	3	Xu	REFSEQ protein ORF155
VOG20055	19	19	Xu	REFSEQ ORF1p
VOG20059	3	3	Xu	REFSEQ ORF115
VOG22385	3	3	Xu	REFSEQ ORF128
VOG22386	4	4	Xu	REFSEQ ORF161
VOG22387	3	3	Xu	REFSEQ ORF076
VOG22391	3	3	Xu	REFSEQ ORF067
VOG22566	2	2	Xu	sp|Q6F6K2|ORF0_VZVD Membrane protein 0
VOG22567	2	2	Xu	sp|P09305|ORF57_VZVD Uncharacterized protein 57
VOG22723	2	2	Xu	sp|Q6UDL5|ORFA_PSHV1 Uncharacterized protein ORFA
VOG22723	2	2	Xu	sp|Q6UDL5|ORFA_PSHV1 Uncharacterized protein ORFA
VOG22724	2	2	Xu	sp|Q6UDL3|ORFC_PSHV1 Uncharacterized protein ORFC
VOG22724	2	2	Xu	sp|Q6UDL3|ORFC_PSHV1 Uncharacterized protein ORFC
VOG22725	2	2	Xu	sp|Q6UDL2|ORFD_PSHV1 Uncharacterized protein ORFD
VOG22725	2	2	Xu	sp|Q6UDL2|ORFD_PSHV1 Uncharacterized protein ORFD
VOG22726	2	2	Xu	sp|Q6UDL4|ORFB_PSHV1 Uncharacterized protein ORFB
VOG22726	2	2	Xu	sp|Q6UDL4|ORFB_PSHV1 Uncharacterized protein ORFB
VOG22727	2	2	Xu	sp|Q6UDL1|ORFE_PSHV1 Uncharacterized protein ORFE
VOG22727	2	2	Xu	sp|Q6UDL1|ORFE_PSHV1 Uncharacterized protein ORFE
VOG22731	3	2	Xu	REFSEQ protein LORF2
VOG22733	2	2	Xu	sp|Q6UDF7|ORF2_PSHV1 Uncharacterized protein sORF2
VOG22733	2	2	Xu	sp|Q6UDF7|ORF2_PSHV1 Uncharacterized protein sORF2
VOG22735	2	2	Xu	REFSEQ ORF73
VOG22736	4	2	Xu	sp|Q00132|VG01_ICHVA Uncharacterized protein ORF1
VOG22737	8	2	Xu	sp|Q00163|VG09_ICHVA Putative zinc-binding protein ORF9
VOG22738	4	2	Xu	sp|Q00126|VG02_ICHVA Uncharacterized protein ORF2
VOG22739	4	2	Xu	sp|Q00164|VG11_ICHVA Putative zinc-binding protein ORF11
VOG22740	4	2	Xu	sp|Q00134|VG10_ICHVA Putative membrane protein ORF10
VOG22741	2	2	Xu	sp|Q00116|VG17_ICHVA Uncharacterized protein ORF17
VOG22742	3	2	Xu	sp|Q00120|VG18_ICHVA Uncharacterized protein ORF18
VOG22743	2	2	Xu	sp|Q00136|VG19_ICHVA Putative membrane protein ORF19
VOG22744	2	2	Xu	sp|Q00142|VG20_ICHVA Uncharacterized protein ORF20
VOG22745	2	2	Xu	sp|Q00105|VG22_ICHVA Uncharacterized protein ORF22
VOG22746	2	2	Xu	sp|Q00147|VG26_ICHVA Uncharacterized protein ORF26
VOG22747	2	2	Xu	sp|Q00127|VG23_ICHVA Uncharacterized protein ORF23
VOG22748	2	2	Xu	sp|Q00111|VG45_ICHVA Uncharacterized protein ORF45
VOG22749	2	2	Xu	sp|Q00135|VG51_ICHVA Putative membrane protein ORF51
VOG22750	2	2	Xu	sp|Q00106|VG65_ICHVA Uncharacterized protein ORF65
VOG22751	2	2	Xu	sp|Q00112|VG48_ICHVA Uncharacterized protein ORF48
VOG22752	2	2	Xu	sp|Q00148|VG79_ICHVA Uncharacterized protein ORF79
VOG22754	2	2	Xu	sp|Q00129|VG75_ICHVA Uncharacterized protein ORF75
VOG22862	2	2	Xu	REFSEQ E4 ORFB
VOG22955	2	2	Xu	sp|P15903|ORF12_SPV1R Uncharacterized protein ORF12
VOG22955	2	2	Xu	sp|P15903|ORF12_SPV1R Uncharacterized protein ORF12
VOG23020	2	2	Xu	sp|F5HI25|ORF28_HHV8P Protein ORF28
VOG23020	2	2	Xu	sp|F5HI25|ORF28_HHV8P Protein ORF28
VOG23349	2	2	Xu	REFSEQ ORF2
VOG23350	2	2	Xu	REFSEQ ORF10
VOG23513	2	2	Xu	REFSEQ ORF56
VOG23514	2	2	Xu	REFSEQ ORF53
VOG23893	4	2	Xu	REFSEQ ORF2
VOG23895	2	2	Xu	sp|Q6R7I4|Y040_OSHVF Uncharacterized protein ORF40
VOG23896	2	2	Xu	sp|Q6R7D8|Y091_OSHVF Uncharacterized protein ORF91
VOG23897	2	2	Xu	sp|Q6R7D6|Y093_OSHVF Uncharacterized protein ORF93
VOG23898	2	2	Xu	sp|Q6R7D5|Y094_OSHVF Uncharacterized protein ORF94
VOG23899	2	2	Xu	sp|Q6R7E7|Y082_OSHVF Uncharacterized protein ORF82
VOG23900	2	2	Xu	sp|Q6R7H3|Y052_OSHVF Uncharacterized protein ORF52
VOG23901	2	2	Xu	sp|Q6R7E8|Y081_OSHVF Uncharacterized protein ORF81
VOG23902	2	2	Xu	sp|Q6R7H2|Y053_OSHVF Uncharacterized protein ORF53
VOG23903	2	2	Xu	sp|Q6R7B1|Y115_OSHVF Uncharacterized protein ORF115
VOG23904	2	2	Xu	sp|Q6R7G6|Y059_OSHVF Uncharacterized protein ORF59
VOG23905	4	2	Xu	sp|Q6R7H5|Y049_OSHVF Uncharacterized protein ORF49
VOG23906	2	2	Xu	sp|Q6R7J5|Y028_OSHVF Uncharacterized protein ORF28
VOG23907	2	2	Xu	sp|Q6R7H7|Y047_OSHVF Uncharacterized protein ORF47
VOG23908	2	2	Xu	sp|Q6R7K1|Y022_OSHVF Uncharacterized protein ORF22
VOG23910	2	2	Xu	sp|Q6R7H8|Y046_OSHVF Uncharacterized protein ORF46
VOG23911	2	2	Xu	sp|Q6R7J3|Y030_OSHVF Uncharacterized protein ORF30
VOG23912	2	2	Xu	sp|Q6R7G1|Y067_OSHVF Uncharacterized protein ORF67
VOG23913	2	2	Xu	sp|Q6R7F2|Y077_OSHVF Uncharacterized protein ORF77
VOG23914	2	2	Xu	sp|Q6R7D4|Y095_OSHVF Uncharacterized protein ORF95
VOG23915	2	2	Xu	sp|Q6R7F7|Y071_OSHVF Uncharacterized protein ORF71
VOG23916	2	2	Xu	sp|Q6R7G4|Y061_OSHVF Uncharacterized protein ORF61
VOG23917	2	2	Xu	sp|Q6R7I1|Y043_OSHVF Uncharacterized protein ORF43
VOG23918	2	2	Xu	sp|Q6R7C5|Y104_OSHVF Uncharacterized protein ORF104
VOG23919	3	2	Xu	sp|Q6R7B6|Y114_OSHVF Uncharacterized protein ORF114
VOG23920	2	2	Xu	sp|Q6R7D3|Y096_OSHVF Putative RING finger protein ORF96
VOG23921	2	2	Xu	sp|Q6R7C3|Y107_OSHVF Uncharacterized protein ORF107
VOG23922	2	2	Xu	sp|Q6R7E0|Y089_OSHVF Uncharacterized protein ORF89
VOG23923	2	2	Xu	sp|Q6R7B9|Y111_OSHVF Putative transmembrane protein ORF111
VOG23924	2	2	Xu	sp|Q6R7B8|Y112_OSHVF Uncharacterized protein ORF112
VOG23925	2	2	Xu	sp|Q6R7B7|Y113_OSHVF Uncharacterized protein ORF113
VOG23926	2	2	Xu	sp|Q6R7C7|Y102_OSHVF Uncharacterized protein ORF102
VOG23927	2	2	Xu	sp|Q6R7G8|Y057_OSHVF Putative transmembrane protein ORF57
VOG23929	2	2	Xu	sp|Q6R7C6|Y103_OSHVF Putative transmembrane protein ORF103
VOG23930	2	2	Xu	sp|Q6R7F3|Y076_OSHVF Uncharacterized protein ORF76
VOG23931	2	2	Xu	sp|Q6R7G3|Y064_OSHVF Uncharacterized protein ORF64
VOG23932	2	2	Xu	sp|Q6R7J8|Y025_OSHVF Putative transmembrane protein ORF25
VOG23933	2	2	Xu	sp|Q6R7J9|Y024_OSHVF Uncharacterized protein ORF24
VOG23934	2	2	Xu	sp|Q6R7G7|Y058_OSHVF Uncharacterized protein ORF58
VOG23935	2	2	Xu	sp|Q6R7E4|Y085_OSHVF Uncharacterized protein ORF85
VOG23936	2	2	Xu	sp|Q6R7I0|Y044_OSHVF Uncharacterized protein ORF44
VOG23937	2	2	Xu	sp|Q6R7F9|Y069_OSHVF Uncharacterized protein ORF69
VOG23967	2	2	Xu	sp|Q9IG44|ORFC2_PICV Uncharacterized protein ORFC2
VOG23967	2	2	Xu	sp|Q9IG44|ORFC2_PICV Uncharacterized protein ORFC2
VOG24265	2	2	Xu	sp|Q25BG0|Y035_HIS1I Uncharacterized protein ORF35
VOG24365	2	2	Xu	REFSEQ E4 ORFF
VOG24366	2	2	Xu	REFSEQ E4 ORFC
VOG24691	2	2	Xu	REFSEQ ORF2
VOG25273	2	2	Xu	sp|Q18LF5|ORFA_ELHVK Protein ORF A
VOG25273	2	2	Xu	sp|Q18LF5|ORFA_ELHVK Protein ORF A
VOG26098	2	2	Xu	REFSEQ ORF3
VOG26099	2	2	Xu	REFSEQ ORF1
VOG26100	2	2	Xu	REFSEQ ORF2
VOG26101	2	2	Xu	REFSEQ ORF3
VOG26128	2	2	Xu	REFSEQ ORF3
VOG26507	2	2	Xu	REFSEQ ORF_023R
VOG26508	2	2	Xu	REFSEQ ORF_028R
VOG26509	2	2	Xu	REFSEQ ORF_032L
VOG26510	2	2	Xu	REFSEQ ORF_031L
VOG26511	2	2	Xu	REFSEQ ORF008R
VOG26512	2	2	Xu	REFSEQ ORF016L
VOG26513	2	2	Xu	REFSEQ ORF015R
VOG26514	2	2	Xu	REFSEQ ORF_079R
VOG26515	2	2	Xu	REFSEQ ORF_084R
VOG26517	2	2	Xu	REFSEQ ORF082L
VOG26586	2	2	Xu	REFSEQ ORF1C
VOG26587	2	2	Xu	REFSEQ ORF25
VOG26591	2	2	Xu	sp|A4ZU90|Y243_ABVP Uncharacterized protein ORF243
VOG26592	2	2	Xu	sp|A4ZU94|Y247_ABVP Uncharacterized protein ORF247
VOG26593	2	2	Xu	sp|A4ZU97|Y091B_ABVP Uncharacterized protein ORF91b
VOG26594	2	2	Xu	sp|A4ZUA6|Y063_ABVP Uncharacterized protein ORF63
VOG26595	2	2	Xu	sp|A4ZU99|Y056_ABVP Uncharacterized protein ORF56
VOG26597	2	2	Xu	sp|A4ZUB9|Y059_ABVP Uncharacterized protein ORF59
VOG26598	2	2	Xu	sp|A4ZUD5|Y057_ABVP Uncharacterized protein ORF57
VOG26599	2	2	Xu	sp|A4ZUD6|Y150A_ABVP Uncharacterized protein ORF150a
VOG26600	2	2	Xu	sp|A4ZUD7|Y158_ABVP Uncharacterized protein ORF158
VOG26601	2	2	Xu	sp|A4ZUE1|Y107A_ABVP Uncharacterized protein ORF107a
VOG26602	2	2	Xu	sp|A4ZUE2|Y133_ABVP Uncharacterized protein ORF133
VOG26615	2	2	Xu	REFSEQ ORF 55
VOG26897	2	2	Xu	REFSEQ hypothetical protein ORF042
VOG26921	2	2	Xu	REFSEQ E4 ORF5
VOG26922	2	2	Xu	REFSEQ E4 ORF4
VOG26924	2	2	Xu	REFSEQ E4 ORF3
VOG26925	2	2	Xu	REFSEQ E4 ORF2
VOG26926	2	2	Xu	REFSEQ E4 ORF1
VOG26927	2	2	Xu	REFSEQ E4 ORF3
VOG26928	2	2	Xu	REFSEQ E4 ORF2
VOG27010	2	2	Xu	REFSEQ ORF1
VOG27011	2	2	Xu	REFSEQ protein ORF20
VOG27012	2	2	Xu	REFSEQ membrane protein ORF30
VOG27013	2	2	Xu	REFSEQ protein ORF44
VOG27014	2	2	Xu	REFSEQ protein ORF68
VOG27015	2	2	Xu	REFSEQ protein ORF101
VOG27016	2	2	Xu	REFSEQ protein ORF112
VOG27017	2	2	Xu	REFSEQ protein ORF110
VOG27018	2	2	Xu	REFSEQ protein ORF108
VOG27019	2	2	Xu	REFSEQ protein ORF113
VOG27020	2	2	Xu	REFSEQ protein ORF118
VOG27021	2	2	Xu	REFSEQ protein ORF122
VOG27022	2	2	Xu	REFSEQ protein ORF129
VOG27023	2	2	Xu	REFSEQ protein ORF63
VOG27024	2	2	Xu	REFSEQ membrane protein ORF132
VOG27025	2	2	Xu	REFSEQ membrane protein ORF131
VOG27026	2	2	Xu	REFSEQ protein ORF130
VOG27027	2	2	Xu	REFSEQ protein ORF135
VOG27028	2	2	Xu	REFSEQ membrane protein ORF136
VOG27029	2	2	Xu	REFSEQ protein ORF143
VOG27030	2	2	Xu	REFSEQ membrane protein ORF146
VOG27031	2	2	Xu	REFSEQ protein ORF152
VOG27375	2	2	Xu	sp|Q88420|ORF14_SPV1C Uncharacterized protein ORF14
VOG27375	2	2	Xu	sp|Q88420|ORF14_SPV1C Uncharacterized protein ORF14
VOG27376	2	2	Xu	sp|Q88424|ORF13_SPV1C Uncharacterized protein ORF13
VOG27376	2	2	Xu	sp|Q88424|ORF13_SPV1C Uncharacterized protein ORF13
VOG27782	2	2	Xu	sp|A9CBA0|ORF1_ADES1 Protein ORF1
VOG27782	2	2	Xu	sp|A9CBA0|ORF1_ADES1 Protein ORF1
VOG28342	2	2	Xu	REFSEQ putative ORFan
VOG28454	2	2	Xu	REFSEQ E4 ORF6/7
VOG28455	2	2	Xu	REFSEQ E4 ORF3
VOG28456	2	2	Xu	REFSEQ E4 ORF2
VOG28459	2	2	Xu	REFSEQ E4 ORF1
VOG28501	2	2	Xu	REFSEQ ORF 0
VOG29504	2	2	Xu	REFSEQ putative ORF-X
VOG29691	2	2	XhXs	sp|P0DTC3|AP3A_SARS2 ORF3a protein
VOG29692	2	2	Xp	sp|P0DTC6|NS6_SARS2 ORF6 protein
VOG29693	2	2	XhXpXs	sp|P0DTC7|NS7A_SARS2 ORF7a protein
VOG29695	2	2	Xu	REFSEQ ORF94
VOG29696	2	2	Xu	REFSEQ ORF89
VOG29698	2	2	Xu	REFSEQ ORF74
VOG29699	2	2	Xu	REFSEQ ORF67
VOG29700	4	2	Xu	REFSEQ ORF65-like protein
VOG29704	2	2	Xu	REFSEQ ORF35
VOG29706	2	2	Xu	REFSEQ ORF24
VOG29707	2	2	Xu	REFSEQ ORF30
VOG30383	3	2	Xu	REFSEQ putative ORFan
VOG30549	2	2	Xu	REFSEQ ORF031
VOG31563	2	2	Xu	sp|P41674|AC121_NPVAC Transactivator protein ORF121
VOG31971	2	2	Xu	REFSEQ ORF80
VOG31972	2	2	Xu	REFSEQ ORF87
VOG31973	2	2	Xu	REFSEQ ORF81
VOG32113	2	2	Xu	REFSEQ ORF039
VOG32114	2	2	Xu	REFSEQ ORF129
VOG32115	2	2	Xu	REFSEQ ORF045
VOG32116	2	2	Xu	REFSEQ ORF126
VOG32117	2	2	Xu	REFSEQ ORF161
VOG32118	2	2	Xu	REFSEQ ORF097
VOG32119	2	2	Xu	REFSEQ ORF137
VOG32120	2	2	Xu	REFSEQ ORF142
VOG32122	2	2	Xu	REFSEQ ORF046
VOG32123	2	2	Xu	REFSEQ ORF190
VOG32124	2	2	Xu	REFSEQ ORF088
VOG32240	2	2	Xu	REFSEQ ORF167
VOG32292	2	2	Xu	REFSEQ membrane protein ORF147B
VOG32293	2	2	Xu	REFSEQ protein ORF150
VOG32349	2	2	Xu	REFSEQ LRORF1 latency-related region protein
VOG32851	4	2	Xu	sp|Q8QVM1|ORF3_TTVI1 Uncharacterized ORF3 protein
VOG32851	4	2	Xu	sp|Q8QVM1|ORF3_TTVI1 Uncharacterized ORF3 protein
VOG32987	16	15	Xu	sp|P19183|C_BPCHP Protein ORF5
VOG33035	8	8	Xs	sp|Q3V4Q3|Y131_ATV Structural protein ORF131
VOG33036	8	8	Xu	sp|Q3V4Q5|Y710_ATV Putative transmembrane protein ORF710
VOG33038	8	8	Xu	sp|Q3V4P9|Y1334_ATV Putative transmembrane protein ORF1334
VOG33114	17	17	Xu	sp|Q70LD6|Y426_AFV1Y Uncharacterized protein ORF426
VOG33152	4	4	Xu	sp|Q3V4U0|Y545_ATV Putative transmembrane protein ORF545
VOG33161	6	6	Xu	sp|Q3V4S6|Y098A_ATV Uncharacterized protein ORF98a
VOG33165	5	5	Xu	sp|Q3V4R0|Y286_ATV Uncharacterized protein ORF286
VOG33357	3	3	Xu	sp|Q3V4T8|Y192_ATV Uncharacterized protein ORF192
VOG33358	6	6	Xu	sp|Q3V4T3|Y048_ATV Uncharacterized protein ORF48
VOG33361	3	3	Xs	sp|Q3V4V5|Y326A_ATV Structural protein ORF326a
VOG33363	3	3	Xu	sp|Q3V4S5|Y240_ATV Uncharacterized protein ORF240
VOG33364	3	3	Xs	sp|Q3V4V6|Y187_ATV Structural protein ORF187
VOG33377	7	7	Xu	sp|Q573G6|Y122_AFV2P Uncharacterized protein ORF122
VOG33379	7	7	Xu	sp|Q573G5|Y100B_AFV2P Uncharacterized protein ORF100b
VOG33389	6	6	Xu	sp|Q573D1|Y090_AFV2P Uncharacterized protein ORF90
VOG33390	6	6	Xu	sp|Q573D5|Y554_AFV2P Uncharacterized protein ORF554
VOG33539	3	3	Xu	sp|Q573D3|Y413_AFV2P Uncharacterized protein ORF413
VOG33540	3	3	Xu	sp|Q573D2|Y258_AFV2P Uncharacterized protein ORF258
VOG33541	3	3	Xu	sp|Q573D0|Y147_AFV2P Uncharacterized protein ORF147
VOG33542	3	3	Xu	sp|Q573C9|Y093_AFV2P Uncharacterized protein ORF93
VOG33543	3	3	Xu	sp|Q573C8|Y246_AFV2P Uncharacterized protein ORF246
VOG33967	2	2	Xu	sp|Q573C0|Y202_AFV2P Putative transmembrane protein ORF202
VOG34321	2	2	Xu	sp|Q3V4W1|Y111_ATV Uncharacterized protein ORF111
VOG34323	2	2	Xh	sp|Q3V4T0|Y209_ATV Uncharacterized protein ORF209
VOG34498	2	2	Xu	REFSEQ ORF5
VOG34501	2	2	Xu	sp|Q70LE6|Y157_AFV1Y Uncharacterized protein ORF157
VOG34502	2	2	Xu	sp|Q573F8|Y108_AFV2P Uncharacterized protein ORF108
VOG34503	2	2	Xu	sp|Q573G0|Y142_AFV2P Uncharacterized protein ORF142
VOG34504	2	2	Xu	sp|Q573F9|Y178_AFV2P Uncharacterized protein ORF178
VOG34505	2	2	Xu	sp|Q573F3|Y072_AFV2P Uncharacterized protein ORF72
VOG34506	2	2	Xu	sp|Q573E9|Y113_AFV2P Uncharacterized protein ORF113
VOG34507	2	2	Xu	sp|Q573E8|Y217B_AFV2P Uncharacterized protein ORF217b
VOG34508	2	2	Xu	sp|Q573E5|Y107_AFV2P Uncharacterized protein ORF107
VOG34509	2	2	Xu	sp|Q573E2|Y115_AFV2P Uncharacterized protein ORF115
VOG34510	2	2	Xu	sp|Q573E1|Y061_AFV2P Uncharacterized protein ORF61
VOG34511	2	2	Xu	sp|Q573D9|Y180_AFV2P Uncharacterized protein ORF180
VOG34512	2	2	Xu	sp|Q573D8|Y217A_AFV2P Uncharacterized protein ORF217a
VOG34513	2	2	Xu	sp|Q573C3|Y146_AFV2P Uncharacterized protein ORF146
VOG34514	2	2	Xu	sp|Q573B9|Y116_AFV2P Uncharacterized protein ORF116
VOG34515	2	2	Xu	sp|Q573B8|Y286B_AFV2P Uncharacterized protein ORF286b
VOG34574	2	2	Xu	sp|Q573D4|Y338_AFV2P Uncharacterized protein ORF338
VOG34575	2	2	Xu	sp|Q3V4T5|Y079_ATV Uncharacterized protein ORF79
VOG34936	3	3	Xu	REFSEQ ORF4